Rimato,Teal,Orange,FI,1,Rimato13,Rimato13#0174
JeffCompass,Pink,Yellow,US,1,jeffcoAlt,JeffCompass
JJsrl,Purple,Blue,US,1,JJsrl,JJsrl#7366
Pogonateur,Blue,Orange,FR,1,Pogonateur,Pogonateur#8292
Briguy,Pink,Orange,US,1,briguy__,Briguy#2964
Larvitar,Blue,Pink,DE,1,MLarvitar,Larvitar#1737
Danieru,Red,Blue,ES,1,yearofeurope,Danieru#1113
Samura1man,Navy,Purple,FI,1,Samura1man,Samura1man#6028
UrinalMike,Brown,Orange,US,1,UrinalMike,UrinalMike#4522
ShadowMario27,Red,Blue,US,1,nisemario29,ShadowMario27#3422
AverageTrey,Orange,Navy,US,1,averagetrey2,Trey#4813
SidedWilliams,Teal,Red,CA,1,GoodKidSid,Sid Ed#2460
linky628,Navy,Pink,GB-ENG,2,linky628,linky628#1609
Alaeus,Navy,Green,EU,2,AlaeusSR,Alaeus#1525
gamestabled,Red,Pink,US,2,gamestabled,gamestabled#4975
PK,Orange,Blue,US,2,PrimalKiwi,PneumaticKomodo#5513
GravityBeatle,Purple,Pink,US,2,gravybottle,GravityBeatle#7487
toburr,Purple,Brown,US,2,toburr,toburr#7950
Ricrexx,Brown,Teal,BS,2,Ricrexx,Ricrexx#2785
Haywire,Purple,Brown,NO,2,TheHaywire,Haywire#2245
RSW,Purple,Green,SE,2,RSWRSWRSW,RSW#0798
peaches,Orange,Green,US,2,ActuallyPeaches,peaches#1602
Papa,Orange,Blue,FR,2,Papaccino_gg,Papaccino#0407
mdmason85,Green,Pink,US,2,mdmason85,mdmason85#2738